Home Team;Away Team;Score;Half Time Score;Match Excitement;Home Team Rating;Away Team Rating;Home Team Possession %;Away Team Possession %;Home Team Off Target Shots;Home Team On Target Shots;Home Team Total Shots;Home Team Blocked Shots;Home Team Corners;Home Team Throw Ins;Home Team Pass Success %;Home Team Aerials Won;Home Team Clearances;Home Team Fouls;Home Team Yellow Cards;Home Team Second Yellow Cards;Home Team Red Cards;Away Team Off Target Shots;Away Team On Target Shots;Away Team Total Shots;Away Team Blocked Shots;Away Team Corners;Away Team Throw Ins;Away Team Pass Success %;Away Team Aerials Won;Away Team Clearances;Away Team Fouls;Away Team Yellow Cards;Away Team Second Yellow Cards;Away Team Red Cards
ATHLETIC;BARCELONA;1-0;0-0;4.7;7;5.7;28;72;6;5;11;0;3;16;71;16;16;14;1;0;0;6;2;11;3;8;17;86;13;11;9;1;0;0
CELTA;REAL MADRID;1-3;0-1;7.5;4.9;7.3;56;44;2;4;7;1;6;16;89;5;5;17;5;0;0;3;11;17;3;4;19;84;12;15;12;2;0;1
VALENCIA;REAL SOCIEDAD;1-1;0-0;5.6;5.6;6;37;63;4;6;14;4;3;13;82;11;21;13;3;1;0;5;3;12;4;3;22;88;16;11;14;4;0;0
MALLORCA;EIBAR;2-1;1-0;5.8;6.2;5.4;36;64;10;3;15;2;9;25;71;31;31;13;2;0;0;6;5;11;0;3;24;79;32;16;14;3;0;0
LEGAN心;OSASUNA;0-1;0-0;3.3;5.6;6.3;51;49;6;2;13;5;8;37;69;20;10;17;1;0;1;2;2;4;0;0;23;69;30;24;11;4;0;0
VILLARREAL;GRANADA;4-4;1-1;9.4;6.2;6.2;54;46;3;7;12;2;2;18;82;18;17;10;3;0;0;4;7;14;3;7;12;82;13;4;16;1;0;0
ALAV心;LEVANTE;1-0;0-0;3.6;6.5;6;37;63;6;2;9;1;2;24;69;23;35;18;2;0;0;7;4;16;5;9;24;82;17;11;15;1;0;0
ESPANYOL;SEVILLA FC;0-2;0-1;4.6;5.4;6.9;45;55;4;2;7;1;8;23;80;18;13;11;2;0;0;6;4;12;2;4;15;83;17;18;17;2;0;0
REAL BETIS;VALLADOLID;1-2;0-0;6.2;5.5;6.3;47;53;5;4;13;4;6;23;84;7;11;11;2;0;1;7;3;14;4;1;16;85;8;17;19;6;0;0
ATLETICO MADRID;GETAFE;1-0;1-0;3.9;6;4.9;57;43;0;5;5;0;3;21;82;22;14;19;2;1;0;4;0;6;2;4;20;76;21;6;22;4;0;1
GRANADA;SEVILLA FC;0-1;0-0;3.3;5.2;7.2;45;55;7;1;12;5;6;27;76;14;14;13;1;0;0;2;6;11;3;6;18;81;30;22;14;1;0;0
LEVANTE;VILLARREAL;2-1;0-1;6.1;6.1;5.4;49;51;8;4;16;4;7;23;78;10;9;5;1;0;0;13;6;23;4;3;20;82;6;16;9;2;0;0
OSASUNA;EIBAR;0-0;0-0;1.9;5.5;6;48;52;4;2;6;0;6;34;57;33;22;15;4;0;0;8;0;12;4;6;31;59;41;20;12;4;0;0
REAL MADRID;VALLADOLID;1-1;0-0;5.7;6.3;6.3;66;34;18;4;22;0;4;15;91;13;7;12;2;0;0;4;2;9;3;3;10;77;10;15;11;2;0;0
GETAFE;ATHLETIC;1-1;1-1;3.4;5.8;6;47;53;4;2;6;0;4;32;55;24;17;15;2;0;0;1;2;4;1;6;27;62;45;27;11;1;0;0
CELTA;VALENCIA;1-0;1-0;4.3;6.8;5.2;55;45;1;6;11;4;6;17;85;17;17;8;1;0;0;5;1;9;3;4;20;82;13;13;12;2;0;0
MALLORCA;REAL SOCIEDAD;0-1;0-0;4.3;5.8;7;35;65;5;4;12;3;5;27;75;18;14;16;1;0;0;4;4;12;4;5;20;86;13;23;12;2;0;0
ALAV心;ESPANYOL;0-0;0-0;2;6.5;6.5;35;65;7;2;10;1;3;32;77;13;19;13;3;0;0;3;1;5;1;5;23;84;14;20;10;1;0;0
LEGAN心;ATLETICO MADRID;0-1;0-0;4;6;6.2;42;58;4;3;10;3;9;15;71;24;15;12;4;0;0;2;4;6;1;4;19;80;28;26;13;5;0;0
BARCELONA;REAL BETIS;5-2;1-1;7.4;8.4;5.3;70;30;4;7;20;9;11;17;91;7;2;14;1;0;0;0;3;4;1;0;10;78;6;16;12;1;0;0
SEVILLA FC;CELTA;1-1;0-0;4.6;6.6;6.2;63;37;10;5;19;4;9;23;88;17;6;16;4;0;0;0;1;2;1;1;15;82;12;25;9;2;0;0
ATHLETIC;REAL SOCIEDAD;2-0;2-0;3.8;6.8;5.4;39;61;8;5;15;2;3;22;72;12;8;17;2;0;0;0;2;2;0;0;28;80;29;15;17;2;0;0
OSASUNA;BARCELONA;2-2;1-0;7.4;6.3;6.1;25;75;6;5;15;4;3;24;63;20;15;16;3;0;0;1;4;8;3;2;26;87;19;15;9;4;0;0
GETAFE;ALAV心;1-1;1-1;3.7;5.9;5.9;61;39;7;1;15;7;4;30;71;27;9;11;3;0;0;2;1;5;2;2;20;58;30;28;17;1;0;0
LEVANTE;VALLADOLID;2-0;0-0;5.1;6.5;5.4;51;49;9;3;16;4;6;21;77;14;9;9;2;0;0;9;4;15;2;6;21;76;16;22;10;2;0;0
REAL BETIS;LEGAN心;2-1;0-0;7.1;6.1;5.4;68;32;8;5;17;4;11;25;84;20;21;14;4;0;0;6;7;19;6;8;14;66;10;22;15;2;0;0
VALENCIA;MALLORCA;2-0;1-0;4.6;7.4;5.1;51;49;2;4;9;3;7;7;86;10;14;6;0;0;0;6;1;12;5;4;17;89;14;20;19;1;0;0
ESPANYOL;GRANADA;0-3;0-1;5.4;5.2;7.6;67;33;6;3;15;6;8;22;85;19;10;6;2;0;0;3;6;14;5;6;12;67;23;36;13;3;0;0
ATLETICO MADRID;EIBAR;3-2;1-2;6.8;6.7;5.3;57;43;3;3;7;1;1;31;78;24;12;9;0;0;0;4;2;6;0;1;24;67;21;15;15;3;0;0
VILLARREAL;REAL MADRID;2-2;1-1;8.5;6.4;6;44;56;3;5;10;2;1;24;81;12;23;8;1;0;0;10;5;17;2;8;20;89;18;8;14;3;1;0
MALLORCA;ATHLETIC;0-0;0-0;3.2;5;6;47;53;7;1;10;2;4;30;75;16;16;15;4;0;0;5;5;11;1;6;11;77;28;23;18;3;0;0
REAL MADRID;LEVANTE;3-2;3-0;9.2;7.5;4.9;65;35;8;11;25;6;9;20;91;10;15;13;2;0;0;5;3;8;0;6;12;79;8;25;10;2;0;0
LEGAN心;VILLARREAL;0-3;0-2;5.4;4.9;7.5;48;52;2;4;10;4;8;24;81;22;26;14;2;0;0;3;4;8;1;6;25;81;14;25;11;0;0;0
REAL SOCIEDAD;ATLETICO MADRID;2-0;0-0;4.4;7.1;5.4;54;46;6;5;14;3;5;18;81;26;18;13;1;0;0;8;2;12;2;5;20;78;28;10;10;3;0;0
BARCELONA;VALENCIA;5-2;2-1;9;8.3;4.6;65;35;4;10;17;3;2;13;92;5;12;11;1;0;0;4;3;9;2;5;13;85;3;14;11;4;0;0
EIBAR;ESPANYOL;1-2;0-0;4.8;5.5;6.1;58;42;7;1;11;3;7;21;68;29;12;14;2;0;0;5;2;7;0;2;24;56;27;29;16;3;1;0
ALAV心;SEVILLA FC;0-1;0-1;3.7;5.6;6.7;38;62;6;0;7;1;2;22;71;22;25;13;5;0;0;2;7;19;10;6;26;85;15;26;7;5;0;0
CELTA;GRANADA;0-2;0-1;4.1;4.7;6.9;38;62;4;0;4;0;3;12;80;10;17;11;4;0;2;7;3;13;3;5;12;89;12;9;13;2;0;0
VALLADOLID;OSASUNA;1-1;0-0;5.1;6.2;6.5;49;51;4;1;11;6;10;25;75;14;14;9;0;0;0;11;5;17;1;6;19;78;24;18;10;1;0;0
REAL BETIS;GETAFE;1-1;0-1;4.7;5.2;6;61;39;2;2;7;3;5;18;81;20;21;11;3;0;2;3;4;12;5;6;14;65;13;25;28;6;0;0
OSASUNA;REAL BETIS;0-0;0-0;3.1;6.8;5.9;48;52;5;6;12;1;9;29;79;11;11;15;1;0;0;3;2;7;2;4;18;77;14;24;9;2;0;0
VILLARREAL;VALLADOLID;2-0;0-0;5.4;6.9;5.5;60;40;5;6;18;7;4;23;88;14;20;12;2;0;0;1;3;7;3;8;19;74;7;19;8;1;0;0
LEVANTE;EIBAR;0-0;0-0;3.2;6.1;6.2;58;42;5;4;13;4;6;27;76;18;15;9;0;0;0;12;4;18;2;7;23;70;23;14;11;2;0;0
ATLETICO MADRID;CELTA;0-0;0-0;3.3;6.7;5.9;49;51;10;5;20;5;13;22;85;24;17;14;3;0;0;1;3;6;2;3;18;83;28;23;12;5;0;0
GRANADA;BARCELONA;2-0;1-0;3.9;7.4;5.2;26;74;5;4;9;0;4;15;65;12;15;22;3;0;0;1;1;8;6;5;27;88;9;6;12;2;0;0
GETAFE;MALLORCA;4-2;2-0;7.6;6.5;4.5;49;51;5;5;14;4;7;22;60;28;9;15;4;0;0;2;3;7;2;2;29;64;23;16;17;5;0;0
ESPANYOL;REAL SOCIEDAD;1-3;0-2;5.8;5.3;7.3;56;44;9;3;17;5;5;22;83;20;17;7;1;0;0;3;5;10;2;7;19;76;27;24;12;0;0;0
VALENCIA;LEGAN心;1-1;1-1;4.8;6.5;6.2;62;38;5;4;13;4;6;15;87;23;11;14;3;0;0;4;4;13;5;6;16;78;19;13;23;4;0;0
ATHLETIC;ALAV心;2-0;1-0;4;7;5;57;43;7;4;12;1;3;21;80;23;11;11;1;0;0;4;1;5;0;2;23;74;18;18;19;4;0;0
SEVILLA FC;REAL MADRID;0-1;0-0;3.2;5.8;6.5;55;45;8;0;9;1;9;19;85;17;13;16;3;0;0;3;4;7;0;6;22;81;20;27;15;2;0;0
VALLADOLID;GRANADA;1-1;1-1;4.2;6;6.1;47;53;3;5;9;1;6;33;71;16;16;21;3;0;0;0;4;6;2;3;24;77;21;24;18;2;0;0
REAL BETIS;LEVANTE;3-1;1-1;6.4;6.8;5.2;57;43;9;5;17;3;5;18;88;7;12;11;2;0;0;9;3;17;5;2;18;83;12;15;11;2;0;0
BARCELONA;VILLARREAL;2-1;2-1;5.5;6.8;5.7;57;43;3;4;8;1;6;25;88;8;12;4;4;0;0;3;3;11;5;5;20;84;7;24;13;2;0;0
MALLORCA;ATLETICO MADRID;0-2;0-1;4.9;5.7;6.7;48;52;3;3;9;3;8;19;81;15;19;8;3;0;0;7;3;13;3;5;20;84;19;24;15;4;1;0
LEGAN心;ATHLETIC;1-1;0-0;3.8;6;6.2;39;61;1;3;7;3;4;26;66;22;23;11;0;0;0;4;2;9;3;5;26;80;33;22;12;1;0;0
VALENCIA;GETAFE;3-3;3-1;8;6.3;6.1;62;38;2;4;8;2;4;21;80;18;16;14;1;0;0;10;5;18;3;5;21;67;18;13;26;4;0;0
REAL MADRID;OSASUNA;2-0;1-0;3.9;7;6;55;45;8;4;15;3;7;30;84;17;22;13;2;0;0;4;0;4;0;5;26;79;8;22;13;2;0;0
EIBAR;SEVILLA FC;3-2;0-2;7.5;6.1;5.2;47;53;5;4;11;2;3;32;75;17;9;11;3;0;0;3;4;7;0;1;27;76;20;21;19;4;0;0
CELTA;ESPANYOL;1-1;0-0;5;6.4;6.2;63;37;7;3;14;4;6;23;89;16;9;5;2;0;0;3;4;10;3;4;12;78;11;31;17;5;0;0
REAL SOCIEDAD;ALAV心;3-0;3-0;5.5;7.3;4.3;59;41;6;7;21;8;5;24;84;14;7;7;1;0;0;3;0;5;2;3;16;79;21;13;20;3;1;0
VILLARREAL;REAL BETIS;5-1;1-0;7.8;8;4.7;43;57;4;10;17;3;3;18;84;13;19;13;2;0;0;4;6;11;1;7;22;86;9;12;8;2;0;0
ATHLETIC;VALENCIA;0-1;0-1;4.2;5.3;6.6;51;49;9;3;14;2;7;22;84;22;14;14;2;0;0;3;6;10;1;7;17;84;11;25;12;5;0;0
GETAFE;BARCELONA;0-2;0-1;4.1;4.6;6.8;39;61;5;1;8;2;4;19;67;11;9;23;4;0;0;4;6;10;0;1;19;80;14;16;17;3;1;0
GRANADA;LEGAN心;1-0;1-0;4;6;5.7;51;49;5;4;11;2;8;28;70;25;26;19;3;0;0;6;6;15;3;3;24;73;25;29;12;4;0;0
ATLETICO MADRID;REAL MADRID;0-0;0-0;2.4;6.4;6.8;44;56;6;1;7;0;5;15;85;14;22;14;1;0;0;8;3;14;3;7;13;87;17;15;14;2;0;0
ESPANYOL;VALLADOLID;0-2;0-1;5;4.5;7.1;59;41;8;2;16;6;4;21;83;14;6;16;2;0;1;2;6;9;1;3;19;77;15;28;13;0;0;0
EIBAR;CELTA;2-0;0-0;4;6.6;5.2;39;61;3;3;7;1;6;20;70;21;15;17;3;0;0;1;2;3;0;5;20;80;20;19;15;1;0;0
ALAV心;MALLORCA;2-0;0-0;4.5;7.2;4.8;54;46;3;6;11;2;4;33;75;27;20;16;2;0;0;2;1;5;2;1;30;68;23;19;14;3;0;0
LEVANTE;OSASUNA;1-1;1-0;5;5.5;6.4;47;53;3;5;10;2;7;19;70;25;29;12;5;1;0;12;3;18;3;11;12;73;15;24;12;0;0;0
SEVILLA FC;REAL SOCIEDAD;3-2;1-1;8.5;7;5.4;52;48;12;8;21;1;7;24;83;19;11;9;1;0;0;3;2;5;0;0;14;78;22;31;8;1;0;0
REAL BETIS;EIBAR;1-1;0-1;4.3;5.8;6.1;58;42;4;3;12;5;4;33;78;22;25;7;3;0;0;4;2;8;2;9;19;68;25;17;20;5;1;0
LEGAN心;LEVANTE;1-2;0-1;7;5.8;5.2;59;41;12;10;25;3;9;19;82;13;9;10;3;0;0;3;2;9;4;4;15;71;17;30;7;5;0;0
REAL MADRID;GRANADA;4-2;2-0;8.7;7.1;4.9;62;38;2;10;17;5;6;16;86;11;9;12;4;0;0;3;5;8;1;2;23;79;14;13;18;5;0;0
VALENCIA;ALAV心;2-1;1-0;5.9;6.5;5.4;56;44;7;3;11;1;4;17;80;19;16;7;1;0;0;5;4;10;1;7;18;75;23;12;16;3;0;0
OSASUNA;VILLARREAL;2-1;0-1;6;6.2;5.7;52;48;7;4;16;5;8;31;79;19;14;9;2;0;0;9;5;16;2;9;19;77;14;32;15;2;0;0
MALLORCA;ESPANYOL;2-0;1-0;4;6.9;5.9;38;62;3;3;9;3;2;22;80;9;15;11;1;0;0;4;3;11;4;4;20;88;7;14;11;3;0;0
CELTA;ATHLETIC;1-0;0-0;3;6.7;5.6;62;38;7;2;13;4;6;26;81;21;23;8;0;0;0;3;2;6;1;4;25;71;22;19;20;5;0;0
VALLADOLID;ATLETICO MADRID;0-0;0-0;2.2;5.4;6;46;54;3;1;5;1;3;18;79;15;22;15;6;0;0;7;1;9;1;4;19;81;16;12;14;4;0;0
REAL SOCIEDAD;GETAFE;1-2;1-0;5.7;5;6.1;51;49;2;3;6;1;3;22;62;30;23;20;1;1;0;7;4;13;2;8;32;57;25;9;15;4;0;0
BARCELONA;SEVILLA FC;4-0;3-0;7.1;7.2;4.7;56;44;5;8;15;2;7;8;89;11;27;10;5;0;2;8;4;16;4;10;10;84;12;11;12;3;0;0
GRANADA;OSASUNA;1-0;1-0;3.5;6.2;5.5;44;56;2;2;6;2;2;28;70;20;11;12;2;0;0;2;4;9;3;7;29;74;24;22;17;7;1;0
EIBAR;BARCELONA;0-3;0-1;4.2;4.9;7.8;44;56;4;0;5;1;2;18;82;12;14;16;5;0;0;3;4;9;2;2;20;84;14;23;14;0;0;0
ATLETICO MADRID;VALENCIA;1-1;1-0;5.3;6.2;6.3;44;56;9;4;15;2;2;12;79;17;16;18;2;0;0;5;3;11;3;4;20;86;16;14;12;1;0;1
GETAFE;LEGAN心;2-0;0-0;4.1;6.4;5.4;45;55;2;2;5;1;2;27;63;36;32;17;1;0;0;3;3;7;1;3;24;69;28;12;19;4;0;0
MALLORCA;REAL MADRID;1-0;1-0;3.6;7;6.4;37;63;1;1;5;3;4;8;76;12;16;20;2;0;0;9;4;13;0;4;22;88;17;11;14;1;1;0
ALAV心;CELTA;2-0;0-0;4.7;7.1;5.8;38;62;6;5;12;1;4;20;71;23;16;20;5;0;0;7;2;14;5;6;24;86;13;14;5;1;0;0
REAL SOCIEDAD;REAL BETIS;3-1;2-1;6.8;6.8;5.2;50;50;5;6;18;7;11;20;81;9;11;23;4;0;0;5;5;12;2;2;12;83;21;24;12;2;0;0
ESPANYOL;VILLARREAL;0-1;0-1;3.8;5.4;6.7;50;50;7;3;18;8;7;33;70;30;17;11;2;0;0;3;5;11;3;3;29;71;24;25;14;1;0;0
ATHLETIC;VALLADOLID;1-1;1-0;5;6.1;5.9;52;48;6;7;19;6;3;22;80;18;21;12;2;0;0;3;3;9;3;4;25;75;14;19;9;3;0;0
SEVILLA FC;LEVANTE;1-0;0-0;4.4;6.6;5.9;61;39;8;5;19;6;9;16;82;19;14;10;2;0;0;5;5;12;2;1;28;70;16;31;11;2;0;0
VILLARREAL;ALAV心;4-1;1-0;7.1;7.3;4.7;63;37;5;8;19;6;5;28;83;12;20;12;2;0;0;7;3;12;2;4;22;70;22;19;13;2;0;0
LEGAN心;MALLORCA;1-0;1-0;3.4;6.8;5.8;43;57;5;3;9;1;4;20;81;19;23;19;4;0;0;5;1;9;3;5;21;85;16;16;13;1;0;0
VALLADOLID;EIBAR;2-0;2-0;4;6.7;5.6;36;64;2;4;8;2;4;22;61;21;30;13;1;0;0;7;3;13;3;3;37;76;31;7;13;2;0;0
ATLETICO MADRID;ATHLETIC;2-0;1-0;3.8;6.8;5.5;45;55;4;2;9;3;7;18;82;7;22;14;2;0;0;5;2;9;2;7;19;83;21;11;9;2;0;0
CELTA;REAL SOCIEDAD;0-1;0-0;3.7;5.1;7.2;42;58;5;1;9;3;3;20;70;25;26;20;4;1;0;4;4;9;1;7;28;82;26;21;12;2;0;0
GRANADA;REAL BETIS;1-0;0-0;4;6.4;5.8;36;64;8;3;13;2;4;23;79;20;14;13;3;0;0;7;0;12;5;2;20;88;16;10;8;4;0;0
LEVANTE;ESPANYOL;0-1;0-1;3.3;5.7;6.2;52;48;3;3;7;1;4;26;75;17;29;10;2;0;0;8;3;14;3;7;21;73;11;19;26;3;0;0
SEVILLA FC;GETAFE;2-0;0-0;4.6;6.8;4.9;64;36;5;8;15;2;5;32;79;27;15;13;2;0;0;3;4;9;2;0;27;57;18;20;18;3;0;0
OSASUNA;VALENCIA;3-1;1-1;7;8.1;4.7;66;34;10;14;29;5;6;24;85;13;13;13;1;0;0;1;1;3;1;1;21;72;12;26;9;1;0;1
BARCELONA;REAL MADRID;0-0;0-0;3;6.4;6.5;52;48;3;2;9;4;2;15;87;7;28;5;3;0;0;7;4;17;6;6;24;88;12;6;17;5;0;0
ALAV心;ATLETICO MADRID;1-1;0-0;4.2;6.2;6.2;48;52;5;3;11;3;4;20;72;23;19;23;3;0;0;3;3;9;3;1;21;74;20;18;16;3;0;0
BARCELONA;VALLADOLID;5-1;3-1;5.9;8.5;4.5;62;38;5;9;18;4;6;19;85;17;13;9;0;0;0;4;1;9;4;3;18;80;11;14;14;3;0;0
VALENCIA;SEVILLA FC;1-1;0-1;4.4;6;6.4;46;54;6;3;10;1;6;24;83;18;9;12;5;0;0;5;1;10;4;1;21;84;22;23;17;3;0;0
REAL SOCIEDAD;LEVANTE;1-2;0-2;6.8;5.6;6.6;65;35;8;5;17;4;9;18;85;13;10;15;3;0;0;6;4;13;3;5;13;69;17;19;12;4;0;0
ATHLETIC;ESPANYOL;3-0;2-0;4.9;7.2;5.3;46;54;1;5;7;1;2;25;74;23;21;13;0;0;0;6;5;12;1;5;25;76;15;6;20;1;0;0
REAL BETIS;CELTA;2-1;1-0;6.9;6.3;5.6;39;61;3;7;11;1;5;21;75;13;22;16;6;0;0;5;5;18;8;10;11;85;18;12;17;1;0;0
REAL MADRID;LEGAN心;5-0;3-0;7;9.2;3.4;61;39;6;11;22;5;8;16;88;20;10;12;1;0;0;2;3;5;0;3;19;80;6;19;12;5;0;0
EIBAR;VILLARREAL;2-1;0-0;7.1;6.9;5;45;55;11;8;25;6;8;19;74;23;8;11;0;0;0;5;2;9;2;3;17;77;24;18;12;3;0;0
MALLORCA;OSASUNA;2-2;1-0;6.8;6.1;5.7;46;54;7;3;11;1;5;25;70;20;19;9;1;0;0;6;4;12;2;3;26;75;17;26;10;5;0;0
GETAFE;GRANADA;3-1;2-0;5.3;6.2;5;43;57;3;3;8;2;2;32;62;32;27;22;5;0;0;6;2;10;2;3;24;72;26;11;11;5;0;0
ESPANYOL;VALENCIA;1-2;1-0;5.6;5.4;6.5;46;54;6;4;13;3;5;18;73;26;16;20;0;0;0;6;4;11;1;5;11;79;27;31;14;1;0;0
LEVANTE;BARCELONA;3-1;0-1;5.9;6.7;5.4;34;66;2;3;9;4;2;26;77;3;15;9;1;0;0;1;6;9;2;3;18;89;14;11;13;6;0;0
SEVILLA FC;ATLETICO MADRID;1-1;1-0;5.1;6.1;6;56;44;4;4;11;3;6;17;83;20;20;13;4;0;0;7;5;14;2;3;26;76;19;17;16;3;0;0
REAL MADRID;REAL BETIS;0-0;0-0;3.9;6.3;6;63;37;10;7;22;5;9;24;86;16;8;11;2;0;0;6;3;13;4;4;21;79;11;34;17;4;0;0
VALLADOLID;MALLORCA;3-0;1-0;5.3;7.6;4.5;49;51;5;6;12;1;2;14;75;15;25;15;5;0;0;9;1;14;4;6;29;79;8;9;20;4;0;0
VILLARREAL;ATHLETIC;0-0;0-0;2.9;6.4;6;57;43;3;7;11;1;8;18;83;9;26;10;2;0;0;7;2;12;3;10;23;75;19;30;8;0;0;0
OSASUNA;ALAV心;4-2;3-1;7.9;6.5;4.5;58;42;12;6;19;1;5;25;74;20;9;13;4;0;0;5;3;11;3;1;25;62;21;15;17;2;0;0
CELTA;GETAFE;0-1;0-1;2.8;5.4;6.4;61;39;2;2;6;2;4;31;73;18;14;6;3;0;0;1;5;9;4;4;30;53;22;31;19;3;0;0
LEGAN心;EIBAR;1-2;1-1;5.5;5.5;6.4;55;45;4;5;12;3;4;27;74;32;27;16;5;0;0;2;4;7;1;2;36;69;26;16;20;2;0;0
GRANADA;REAL SOCIEDAD;1-2;1-1;5.5;5.1;6.7;38;62;2;3;5;1;4;24;64;14;17;15;0;0;0;2;5;9;2;5;17;80;31;22;19;2;0;0
REAL SOCIEDAD;LEGAN心;1-1;0-0;4.1;6.4;5.7;66;34;2;5;11;4;5;29;79;34;17;14;2;0;0;3;2;6;1;1;28;61;23;28;23;5;1;0
ALAV心;VALLADOLID;3-0;2-0;4.9;7.3;5;45;55;6;5;14;3;6;25;70;26;15;21;3;0;0;3;1;7;3;7;19;72;22;12;16;3;0;0
VALENCIA;GRANADA;2-0;0-0;4.5;7.3;5.3;49;51;3;4;12;5;7;17;80;19;14;11;0;0;0;7;1;13;5;4;18;78;20;22;15;5;0;0
EIBAR;REAL MADRID;0-4;0-3;5;4.1;8.3;41;59;9;1;14;4;6;23;77;14;18;9;0;0;0;3;5;10;2;6;15;86;16;25;8;0;0;0
BARCELONA;CELTA;4-1;2-1;6.2;7.5;5;61;39;3;7;10;0;2;12;90;7;9;18;4;0;0;1;5;6;0;2;12;83;9;12;14;1;0;0
MALLORCA;VILLARREAL;3-1;2-0;5.9;6.5;5.2;34;66;2;3;5;1;2;15;79;19;20;18;2;0;0;6;6;22;10;5;19;87;20;10;17;3;0;0
ATHLETIC;LEVANTE;2-1;0-1;6.6;7.2;5;57;43;11;10;23;2;10;21;82;22;12;13;3;0;0;3;2;8;3;2;20;74;5;26;13;2;0;0
ATLETICO MADRID;ESPANYOL;3-1;1-1;5.9;7.3;5.2;49;51;4;5;18;9;9;28;75;30;21;12;2;0;0;4;1;10;5;2;24;72;14;29;15;2;0;0
GETAFE;OSASUNA;0-0;0-0;2.5;6.4;5.3;53;47;6;5;14;3;9;49;63;25;11;15;2;0;0;1;1;4;2;5;25;56;31;24;16;4;0;0
REAL BETIS;SEVILLA FC;1-2;1-1;6.1;5.4;6.9;55;45;8;5;18;5;4;32;81;18;16;12;2;0;0;4;6;10;0;4;31;77;17;31;21;3;0;0
LEVANTE;MALLORCA;2-1;0-0;6.6;6.5;6.2;50;50;5;6;13;2;3;13;81;16;24;13;1;1;0;5;7;14;2;6;21;84;8;14;9;1;0;0
LEGAN心;BARCELONA;1-2;1-0;5.6;5.5;6.9;23;77;5;4;9;0;0;19;61;6;21;11;1;0;0;2;6;11;3;6;36;86;15;11;10;2;0;0
REAL BETIS;VALENCIA;2-1;1-1;7.3;7.2;5.3;61;39;11;8;25;6;5;15;88;18;23;9;2;0;0;4;3;9;2;4;25;79;11;16;13;2;0;0
GRANADA;ATLETICO MADRID;1-1;0-0;5.2;6.2;6.3;40;60;2;3;9;4;2;14;74;13;26;15;4;0;0;5;6;17;6;8;28;81;32;11;17;3;0;0
REAL MADRID;REAL SOCIEDAD;3-1;1-1;6.8;7.2;5.4;53;47;5;10;18;3;4;21;87;21;13;13;1;0;0;3;6;11;2;3;11;86;8;27;16;1;0;0
ESPANYOL;GETAFE;1-1;1-1;3.8;5.9;5.9;53;47;3;2;6;1;3;24;63;27;19;23;3;0;0;6;2;11;3;3;24;56;40;18;12;4;0;0
OSASUNA;ATHLETIC;1-2;0-1;5.5;5.9;6.4;59;41;5;7;12;0;6;30;75;18;6;15;4;0;0;1;4;6;1;2;20;70;25;27;18;3;0;0
EIBAR;ALAV心;0-2;0-0;5.5;5.4;6.6;57;43;6;7;18;5;10;37;67;33;8;10;1;0;0;2;5;7;0;4;30;57;31;51;11;2;0;0
VILLARREAL;CELTA;1-3;0-0;6.7;5.2;7.7;60;40;12;1;15;2;8;22;87;12;12;12;3;0;0;3;7;11;1;2;21;77;19;29;9;2;0;0
VALLADOLID;SEVILLA FC;0-1;0-1;3.2;5.5;6.5;46;54;5;1;7;1;8;18;78;17;19;13;3;0;0;1;2;4;1;4;20;83;19;27;25;3;1;0
CELTA;VALLADOLID;0-0;0-0;3.1;6.8;6;58;42;3;5;13;5;11;19;86;18;16;11;1;0;0;6;2;9;1;3;23;76;18;22;16;3;0;0
ALAV心;REAL MADRID;1-2;0-0;6.1;5.5;6.6;36;64;3;2;8;3;9;12;77;18;16;18;4;0;0;5;6;12;1;4;25;87;21;16;11;3;0;0
REAL SOCIEDAD;EIBAR;4-1;1-1;6.2;7.3;4.8;63;37;6;4;15;5;6;25;81;28;15;8;1;0;0;3;4;10;3;4;31;69;16;18;12;4;0;0
MALLORCA;REAL BETIS;1-2;0-2;6.3;5.4;6.2;45;55;7;7;16;2;6;17;80;14;5;16;2;1;0;8;3;15;4;5;14;82;24;24;15;4;0;0
VALENCIA;VILLARREAL;2-1;0-0;7.1;6.5;5.7;42;58;4;7;13;2;6;18;80;14;34;8;1;0;0;9;7;24;8;4;21;87;15;27;17;2;0;0
SEVILLA FC;LEGAN心;1-0;0-0;3.8;6.4;5.7;62;38;5;8;16;3;7;24;83;34;21;16;3;0;0;3;4;8;1;4;27;73;26;29;7;3;0;0
ATHLETIC;GRANADA;2-0;1-0;4.9;6.9;5.1;57;43;3;6;14;5;4;23;81;25;8;18;5;0;0;4;1;8;3;3;16;71;9;16;16;4;0;0
ESPANYOL;OSASUNA;2-4;1-0;9.3;4.8;6.7;53;47;3;5;12;4;2;21;75;23;15;12;1;0;0;2;8;14;4;3;22;71;22;19;16;3;1;0
GETAFE;LEVANTE;4-0;0-0;5.3;8.1;4.1;39;61;1;9;13;3;6;18;62;20;14;22;2;0;0;2;2;7;3;7;17;77;16;12;14;3;0;0
ATLETICO MADRID;BARCELONA;0-1;0-0;5;5.8;7.4;34;66;7;2;17;8;9;23;78;14;14;12;4;0;0;3;5;13;5;5;18;88;18;33;11;4;0;0
VILLARREAL;ATLETICO MADRID;0-0;0-0;3.4;6.3;6.3;53;47;10;3;23;10;11;21;81;25;15;11;2;0;0;9;3;18;6;6;21;78;28;20;11;1;0;0
REAL MADRID;ESPANYOL;2-0;1-0;4.7;6.9;5;61;39;6;8;18;4;5;16;83;16;12;15;3;1;0;2;2;6;2;3;23;73;17;23;13;3;0;0
GRANADA;ALAV心;3-0;0-0;4.6;7.4;4.3;52;48;5;3;13;5;6;23;70;16;12;16;1;0;0;4;1;5;0;2;27;71;28;16;17;3;1;1
LEVANTE;VALENCIA;2-4;2-1;8.8;4.5;7.3;50;50;7;6;17;4;5;11;88;5;9;14;4;1;0;4;6;10;1;1;9;85;10;18;14;2;0;0
BARCELONA;MALLORCA;5-2;4-1;9.3;8.5;4.7;66;34;5;17;25;3;8;12;91;7;11;15;3;0;0;4;3;9;2;4;6;80;4;26;10;0;0;0
EIBAR;GETAFE;0-1;0-0;3.2;4.7;6.2;53;47;3;3;6;0;3;32;58;42;23;16;5;0;1;2;3;6;1;8;35;53;33;20;15;1;0;0
REAL BETIS;ATHLETIC;3-2;3-1;7.2;6.5;5.2;49;51;3;6;10;1;3;20;78;13;18;12;2;0;0;4;2;8;2;3;32;77;21;8;15;4;0;0
VALLADOLID;REAL SOCIEDAD;0-0;0-0;2.2;6.3;6.3;33;67;2;2;4;0;1;24;65;12;18;10;0;0;0;9;2;16;5;4;25;82;24;10;19;4;0;0
LEGAN心;CELTA;3-2;2-0;8.4;6.8;5.3;33;67;3;8;15;4;3;22;70;17;24;14;3;0;0;4;4;9;1;5;22;82;22;22;11;4;1;0
OSASUNA;SEVILLA FC;1-1;1-1;4.9;6.1;6.3;39;61;8;1;10;1;2;22;68;22;21;22;3;1;0;5;4;13;4;6;22;78;20;24;10;4;0;0
ALAV心;LEGAN心;1-1;0-1;3.5;6.3;5.9;68;32;4;3;10;3;2;37;76;37;12;14;2;0;0;1;1;3;1;0;24;55;27;29;17;3;0;0
GRANADA;LEVANTE;1-2;0-0;6.7;5.5;6.7;48;52;9;4;18;5;8;28;73;15;14;14;4;0;0;5;6;13;2;6;26;73;16;16;12;3;0;0
REAL SOCIEDAD;BARCELONA;2-2;1-1;7.9;6.4;6.5;53;47;9;5;19;5;8;15;88;5;12;7;0;0;0;3;5;9;1;5;15;86;15;25;8;1;0;0
ATHLETIC;EIBAR;0-0;0-0;2.2;6.1;6;55;45;2;3;8;3;6;40;73;50;36;7;3;0;0;5;2;8;1;7;30;61;36;23;12;3;0;0
ATLETICO MADRID;OSASUNA;2-0;0-0;5.4;7.2;5;47;53;8;9;19;2;6;9;73;29;18;16;1;0;0;8;3;15;4;5;23;72;24;10;10;1;0;0
GETAFE;VALLADOLID;2-0;1-0;4;6.3;5.6;45;55;4;3;7;0;4;28;67;18;18;28;3;0;0;2;3;10;5;3;28;71;21;11;10;3;0;0
CELTA;MALLORCA;2-2;1-1;7.2;6.4;5.5;67;33;7;7;18;4;3;31;83;23;15;14;3;0;0;3;2;8;3;3;27;64;15;20;16;4;1;0
ESPANYOL;REAL BETIS;2-2;2-1;6.9;5.8;6.6;38;62;3;4;16;9;7;19;65;28;14;26;4;0;0;3;5;10;2;5;19;78;24;24;13;1;0;0
SEVILLA FC;VILLARREAL;1-2;0-1;5.9;6;6.5;72;28;9;5;24;10;14;32;89;14;1;12;2;0;0;4;3;9;2;2;18;74;14;49;11;0;0;0
VALENCIA;REAL MADRID;1-1;0-0;5.7;6.3;6.1;36;64;2;6;9;1;1;15;81;14;22;11;1;0;0;8;6;19;5;2;16;91;13;6;15;2;0;0
EIBAR;GRANADA;3-0;2-0;6;7.5;4.4;50;50;10;7;21;4;5;20;67;39;25;17;3;0;0;6;1;12;5;5;27;59;45;25;13;3;0;0
MALLORCA;SEVILLA FC;0-2;0-1;4.1;5.1;7.3;39;61;5;1;8;2;3;23;77;14;14;15;5;0;0;6;6;13;1;6;26;81;19;25;12;3;0;0
BARCELONA;ALAV心;4-1;2-0;5.5;7.6;4.7;69;31;2;4;8;2;3;14;90;10;2;10;2;0;0;2;3;5;0;4;13;77;9;9;11;4;0;0
VILLARREAL;GETAFE;1-0;0-0;3.3;6.3;4.9;65;35;6;4;11;1;2;20;78;26;21;8;2;0;0;7;0;7;0;5;26;57;15;16;18;4;1;0
VALLADOLID;VALENCIA;1-1;0-0;5;6.4;6.2;48;52;4;6;14;4;5;15;82;8;14;10;0;0;0;3;2;5;0;4;22;83;12;17;12;3;0;0
LEGAN心;ESPANYOL;2-0;1-0;3.8;6.8;4.8;41;59;5;5;11;1;1;23;54;18;19;11;1;0;0;3;3;9;3;5;31;68;18;10;15;6;0;0
OSASUNA;REAL SOCIEDAD;3-4;1-3;10;5;6.7;47;53;7;7;19;5;8;31;70;21;13;11;6;0;1;4;7;13;2;3;23;75;10;29;12;2;0;0
REAL BETIS;ATLETICO MADRID;1-2;0-0;6.9;5.5;6.9;67;33;7;2;15;6;5;34;87;10;14;11;4;0;0;2;5;8;1;3;14;76;23;24;14;3;0;0
LEVANTE;CELTA;3-1;0-1;6.8;7.1;5.4;49;51;3;7;13;3;8;28;80;12;15;8;3;0;0;5;5;12;2;7;16;80;13;20;15;6;0;0
REAL MADRID;ATHLETIC;0-0;0-0;4.1;6.6;6.3;69;31;8;8;20;4;6;16;90;15;10;8;1;0;0;4;2;8;2;4;14;72;18;33;14;0;0;0
VALLADOLID;LEGAN心;2-2;1-2;6.8;6.1;6.3;64;36;6;5;14;3;4;24;81;27;11;16;3;0;0;7;5;12;0;3;18;67;27;20;13;2;0;0
SEVILLA FC;ATHLETIC;1-1;0-1;4;6.3;6;65;35;5;2;9;2;9;29;82;28;6;16;2;0;0;4;1;6;1;1;11;66;30;26;20;4;0;0
VALENCIA;EIBAR;1-0;1-0;3.4;6.3;5.9;51;49;4;1;9;4;6;19;79;31;25;13;1;0;0;3;3;10;4;5;24;76;24;11;20;2;1;0
GETAFE;REAL MADRID;0-3;0-1;5.7;4.4;8;44;56;6;4;15;5;7;33;64;14;8;20;3;0;0;2;8;10;1;4;28;73;34;38;14;2;0;0
ATLETICO MADRID;LEVANTE;2-1;2-1;5.8;7.1;5.3;40;60;7;8;17;2;5;22;78;25;21;9;1;0;0;2;3;6;1;5;22;81;13;14;10;3;0;0
ESPANYOL;BARCELONA;2-2;1-0;8.3;6.2;6.4;31;69;5;3;8;0;4;10;74;17;18;17;2;0;0;4;7;14;3;5;14;89;17;10;11;1;1;0
GRANADA;MALLORCA;1-0;1-0;3.5;6.4;6.1;41;59;2;4;7;1;3;16;76;21;19;23;5;0;0;9;5;17;3;4;27;84;18;10;11;1;0;0
REAL SOCIEDAD;VILLARREAL;1-2;1-0;5.4;5.5;6.4;63;37;5;2;10;3;7;17;86;19;12;16;5;0;0;7;2;14;5;2;19;78;16;29;14;4;0;0
ALAV心;REAL BETIS;1-1;1-0;4.2;5.8;5.9;33;67;3;1;6;2;3;17;64;26;14;18;7;0;0;7;3;10;1;6;21;84;12;11;15;3;0;1
CELTA;OSASUNA;1-1;0-0;5;6.4;6;61;39;5;7;20;8;6;19;79;25;10;14;3;0;0;6;1;8;1;1;18;65;15;20;19;3;0;0
LEGAN心;GETAFE;0-3;0-3;4.2;4.6;7.1;62;38;4;2;8;2;4;27;70;35;16;22;6;0;0;2;4;8;2;4;28;51;28;15;17;3;0;0
LEVANTE;ALAV心;0-1;0-0;4;5.6;6.7;54;46;10;3;20;7;7;22;76;24;15;12;2;0;0;5;6;14;3;6;18;73;28;21;20;4;0;0
REAL MADRID;SEVILLA FC;2-1;0-0;5.4;6.8;5.8;52;48;7;4;13;2;2;29;85;15;15;17;3;0;0;4;3;8;1;4;19;83;6;20;12;1;0;0
OSASUNA;VALLADOLID;0-0;0-0;2.8;6.2;5.9;56;44;8;5;21;8;9;35;71;34;15;16;2;0;0;2;3;5;0;1;28;63;33;29;10;2;0;0
EIBAR;ATLETICO MADRID;2-0;1-0;4.5;6.7;5.5;39;61;4;4;9;1;6;23;62;20;25;16;1;0;0;5;4;12;3;7;34;76;41;23;14;2;0;0
MALLORCA;VALENCIA;4-1;3-0;6;7.5;4.9;43;57;6;6;13;1;1;20;82;11;13;18;4;0;0;3;1;8;4;6;20;86;11;16;11;3;1;0
REAL BETIS;REAL SOCIEDAD;3-0;2-0;5.3;7.1;5.4;48;52;4;6;14;4;6;26;79;16;12;8;3;0;0;5;0;7;2;2;27;83;11;10;10;1;0;0
VILLARREAL;ESPANYOL;1-2;0-1;6.8;5.7;5.8;68;32;12;5;21;4;4;22;86;20;5;15;1;0;0;5;5;16;6;4;5;66;15;21;18;3;1;0
ATHLETIC;CELTA;1-1;0-0;4.8;6.5;6;61;39;10;6;22;6;13;27;86;23;12;18;4;0;0;3;3;7;1;1;8;74;19;43;12;3;0;0
BARCELONA;GRANADA;1-0;0-0;3.7;7.4;5.1;83;17;6;6;18;6;7;12;92;15;9;11;0;0;0;3;1;5;1;0;15;63;12;15;17;3;1;0
OSASUNA;LEVANTE;2-0;0-0;4.3;6.8;5.4;55;45;6;3;15;6;5;27;75;12;14;18;3;0;0;4;2;6;0;5;26;64;12;17;11;3;0;0
ESPANYOL;ATHLETIC;1-1;0-1;4.1;5.7;6.4;50;50;5;3;9;1;2;30;67;23;23;14;3;0;0;7;3;11;1;3;34;69;38;17;14;1;0;0
VALENCIA;BARCELONA;2-0;0-0;5.3;7.1;5.1;26;74;2;6;8;0;2;9;76;8;13;13;1;0;0;6;5;14;3;0;18;92;12;15;16;3;0;0
ALAV心;VILLARREAL;1-2;0-1;6.4;5.6;7;54;46;6;6;12;0;7;25;78;24;13;10;2;0;0;3;6;11;2;4;25;76;16;14;12;1;0;0
SEVILLA FC;GRANADA;2-0;2-0;4.1;7.2;5.6;58;42;5;4;12;3;3;32;83;27;21;13;4;0;0;2;1;8;5;6;18;76;21;13;18;1;0;0
ATLETICO MADRID;LEGAN心;0-0;0-0;3;6.3;6.2;55;45;6;3;14;5;7;19;77;38;32;10;1;0;0;1;4;10;5;6;20;72;27;27;19;5;1;0
CELTA;EIBAR;0-0;0-0;2.7;6.3;6;65;35;7;5;18;6;6;34;76;30;10;9;1;0;0;1;3;5;1;3;17;59;20;25;16;0;0;0
GETAFE;REAL BETIS;1-0;0-0;3.5;6.2;4.9;37;63;1;3;7;3;8;24;60;18;10;19;2;0;0;6;1;8;1;4;21;77;21;33;12;4;0;1
REAL SOCIEDAD;MALLORCA;3-0;0-0;5.3;7.3;5.7;70;30;6;5;14;3;7;27;86;21;9;15;0;0;0;3;4;8;1;3;16;70;24;24;7;2;0;0
VALLADOLID;REAL MADRID;0-1;0-0;2.7;5.9;6.7;37;63;1;0;4;3;3;31;72;15;19;7;1;0;0;5;3;12;4;5;28;85;20;18;11;3;0;0
GRANADA;ESPANYOL;2-1;1-1;5.6;6;5.9;45;55;6;2;8;0;3;18;71;23;32;15;3;0;0;10;4;22;8;9;29;77;30;13;17;3;0;0
REAL MADRID;ATLETICO MADRID;1-0;0-0;3.7;7.4;5.6;65;35;8;5;16;3;5;25;88;7;12;18;2;0;0;3;1;4;0;6;28;74;12;17;11;2;0;0
MALLORCA;VALLADOLID;0-1;0-0;4.2;5.4;6.9;53;47;6;4;16;6;8;26;79;25;8;11;4;0;0;5;7;15;3;5;22;74;18;15;10;1;0;0
VALENCIA;CELTA;1-0;0-0;3.9;6.2;5.7;50;50;4;5;9;0;4;16;83;19;21;14;6;0;0;5;4;11;2;7;13;81;18;14;20;3;0;0
LEGAN心;REAL SOCIEDAD;2-1;0-1;5.2;6.7;5.6;44;56;4;5;12;3;3;38;69;19;4;24;4;0;0;1;1;2;0;1;23;74;34;24;19;3;0;0
EIBAR;REAL BETIS;1-1;1-1;4.5;5.8;6.1;36;64;2;3;8;3;2;19;66;10;16;15;2;0;0;5;6;14;3;7;26;85;15;19;16;2;0;0
ATHLETIC;GETAFE;0-2;0-1;3.9;5;6.1;71;29;4;2;8;2;5;20;80;42;11;11;2;0;0;6;3;9;0;4;14;54;20;19;19;5;0;0
SEVILLA FC;ALAV心;1-1;0-0;3.7;6.4;6;74;26;8;3;14;3;6;22;88;20;4;13;2;0;0;0;3;4;1;1;16;57;26;22;12;1;0;0
VILLARREAL;OSASUNA;3-1;1-0;5.9;6.5;5;55;45;2;4;9;3;4;22;77;21;13;19;3;0;0;11;5;17;1;6;19;75;23;8;15;2;0;0
BARCELONA;LEVANTE;2-1;2-0;7.2;7.2;5.4;67;33;8;9;23;6;8;14;91;5;5;6;2;0;0;5;5;10;0;3;9;83;6;12;10;0;0;0
ALAV心;EIBAR;2-1;0-0;5;6.3;5.3;39;61;3;5;9;1;3;23;65;27;26;16;3;0;0;2;1;5;2;5;35;75;27;7;10;2;0;0
LEVANTE;LEGAN心;2-0;2-0;4.1;6.5;5.4;49;51;2;5;9;2;2;17;77;18;21;18;2;0;0;7;4;12;1;2;24;79;17;10;15;3;0;0
GETAFE;VALENCIA;3-0;0-0;5.7;7.6;4.2;53;47;8;10;22;4;10;32;70;19;15;12;4;0;0;3;0;5;2;0;26;66;23;32;6;4;0;1
VALLADOLID;VILLARREAL;1-1;1-0;3.7;6.3;6.6;34;66;5;1;8;2;2;8;69;14;30;14;3;0;0;4;3;8;1;4;30;85;15;9;22;3;0;0
ATLETICO MADRID;GRANADA;1-0;1-0;2.9;6.5;5.6;50;50;2;3;6;1;2;22;74;28;26;16;4;0;0;6;2;10;2;3;22;70;15;10;19;6;0;0
ESPANYOL;MALLORCA;1-0;0-0;3.6;6.9;5.5;38;62;3;7;12;2;1;10;72;22;21;26;6;0;0;3;3;7;1;7;19;80;15;9;15;2;0;0
REAL SOCIEDAD;ATHLETIC;2-1;0-0;5.5;6.8;5.5;64;36;4;4;14;6;4;39;80;23;14;7;2;0;0;1;3;6;2;3;28;63;25;22;15;2;0;1
OSASUNA;REAL MADRID;1-4;1-2;7;5.1;7.8;46;54;6;4;14;4;4;15;77;8;14;11;2;0;0;5;7;17;5;3;25;82;18;18;15;2;0;0
CELTA;SEVILLA FC;2-1;0-1;6.3;6.8;5.6;46;54;3;7;13;3;3;13;79;23;13;16;3;0;0;6;4;12;2;4;23;82;24;12;14;2;0;0
REAL BETIS;BARCELONA;2-3;2-2;8.1;5.4;6.8;30;70;1;3;7;3;0;9;83;8;14;21;4;1;0;2;6;10;2;8;13;90;10;4;17;4;1;0
VALENCIA;ATLETICO MADRID;2-2;1-2;6.8;6.3;6.2;63;37;4;3;9;2;11;21;82;23;16;12;3;0;0;4;3;8;1;4;17;75;17;21;16;2;0;0
MALLORCA;ALAV心;1-0;0-0;3.5;6.2;5.2;47;53;6;6;14;2;8;29;66;25;20;16;0;0;0;6;0;10;4;5;27;71;34;22;15;2;0;0
BARCELONA;GETAFE;2-1;2-0;5;6.9;5.4;76;24;4;5;12;3;2;16;86;17;9;12;3;0;0;2;2;7;3;3;14;56;17;2;30;2;0;0
VILLARREAL;LEVANTE;2-1;1-0;5.9;6.3;5.6;51;49;5;6;14;3;5;21;80;15;22;15;3;0;0;3;2;11;6;10;23;77;10;15;15;1;0;0
GRANADA;VALLADOLID;2-1;0-0;6;6.8;5.6;54;46;6;5;11;0;10;25;74;23;9;19;2;0;0;1;4;6;1;5;22;72;28;23;13;2;0;0
SEVILLA FC;ESPANYOL;2-2;1-1;7.5;6.7;5.3;68;32;7;6;18;5;9;20;83;20;21;17;2;0;0;0;3;5;2;2;24;60;23;28;9;3;1;0
LEGAN心;REAL BETIS;0-0;0-0;2.1;5.8;6.2;34;66;6;1;11;4;4;24;61;17;14;15;5;0;0;0;2;3;1;2;18;82;18;16;20;3;0;1
ATHLETIC;OSASUNA;0-1;0-1;3.2;5.4;6.2;65;35;7;2;12;3;4;35;81;34;8;14;4;0;0;2;2;6;2;0;18;60;24;32;20;4;0;0
REAL MADRID;CELTA;2-2;0-1;7.3;6.4;6.4;66;34;9;4;15;2;9;27;88;18;7;10;2;0;0;1;3;5;1;3;14;76;12;30;10;2;0;0
EIBAR;REAL SOCIEDAD;1-2;0-1;5.5;5;5.8;57;43;4;4;13;5;3;37;69;28;10;12;3;0;0;2;2;6;2;1;24;63;53;36;10;2;0;0
REAL BETIS;MALLORCA;3-3;2-2;8.5;6.5;6.1;70;30;11;6;19;2;7;18;89;24;9;13;2;0;0;4;4;11;3;1;16;73;14;18;12;1;0;0
CELTA;LEGAN心;1-0;0-0;2.8;6.2;6.3;42;58;1;1;3;1;2;24;72;20;49;13;2;0;1;6;2;11;3;9;19;78;28;8;17;3;0;0
BARCELONA;EIBAR;5-0;3-0;7.1;9.2;4.8;69;31;1;11;13;1;5;20;86;10;7;8;0;0;0;4;5;12;3;5;13;72;6;11;19;2;0;0
REAL SOCIEDAD;VALENCIA;3-0;2-0;5.2;7.9;5;46;54;7;7;19;5;6;21;83;23;26;19;1;0;0;2;1;6;3;7;13;82;13;19;9;1;0;0
LEVANTE;REAL MADRID;1-0;0-0;4;6.2;6.3;37;63;3;2;8;3;3;18;76;10;37;16;1;0;0;8;7;19;4;7;21;88;9;13;10;2;0;0
OSASUNA;GRANADA;0-3;0-3;4.4;4.4;7.6;62;38;7;1;14;6;6;39;71;35;7;19;3;0;0;5;4;10;1;3;26;52;38;29;11;1;0;0
ALAV心;ATHLETIC;2-1;1-1;5.9;6.2;5.4;44;56;0;4;4;1;1;14;72;26;17;17;4;0;0;5;4;12;3;9;29;77;22;12;12;4;0;0
VALLADOLID;ESPANYOL;2-1;0-0;6.2;6.6;4.8;65;35;10;6;21;5;4;18;84;17;12;10;1;0;0;2;2;6;2;2;19;60;19;20;18;4;1;0
GETAFE;SEVILLA FC;0-3;0-1;4.4;4.3;7.5;49;51;5;2;10;3;5;37;64;30;12;14;7;0;0;3;5;8;0;3;25;63;31;33;17;3;0;0
ATLETICO MADRID;VILLARREAL;3-1;1-1;6.4;7.3;5.6;41;59;2;9;16;5;6;30;82;17;10;14;1;0;0;5;4;10;1;1;17;88;16;30;6;2;0;0
REAL SOCIEDAD;VALLADOLID;1-0;0-0;3;7;5.5;55;45;6;4;13;3;8;20;79;32;24;15;1;0;0;1;1;6;4;4;26;72;12;15;11;1;0;0
EIBAR;LEVANTE;3-0;1-0;6;7.3;4.4;44;56;2;10;15;3;3;18;72;22;26;15;3;0;0;5;3;10;2;6;32;74;19;18;16;2;0;0
VALENCIA;REAL BETIS;2-1;0-0;7.1;7;5.6;35;65;3;5;10;2;6;19;74;10;11;13;2;0;0;4;5;14;5;7;20;89;11;13;9;3;0;0
LEGAN心;ALAV心;1-1;0-0;4.4;5.9;5.7;55;45;7;6;19;6;6;35;67;26;14;18;3;0;0;3;4;8;1;4;28;50;32;29;18;3;0;0
GRANADA;CELTA;0-0;0-0;2.1;6.1;6.3;41;59;7;0;14;7;6;24;67;20;13;14;3;0;0;3;2;6;1;1;29;80;20;23;11;5;0;0
SEVILLA FC;OSASUNA;3-2;2-0;8;6.5;5.2;64;36;4;5;12;3;7;20;80;20;21;9;2;0;0;9;4;14;1;1;25;60;21;19;14;2;0;1
ATHLETIC;VILLARREAL;1-0;0-0;4.2;6.2;5.2;43;57;6;6;18;6;5;24;73;18;22;11;6;0;0;6;3;10;1;6;21;79;13;26;13;6;0;0
ESPANYOL;ATLETICO MADRID;1-1;1-0;4.6;5.9;5.9;38;62;5;3;9;1;3;18;57;38;25;20;3;0;0;1;2;5;2;4;28;76;33;22;18;4;0;0
MALLORCA;GETAFE;0-1;0-0;3;5;6.8;55;45;1;1;4;2;4;28;66;34;13;13;3;1;0;3;5;9;1;3;28;61;39;11;24;5;0;0
REAL MADRID;BARCELONA;2-0;0-0;5.1;7.3;6;44;56;7;5;13;1;8;11;88;7;12;13;2;0;0;2;4;9;3;2;14;90;4;15;10;2;0;0
ALAV心;VALENCIA;1-1;0-1;3.9;6.1;6.6;43;57;3;2;13;8;3;23;79;21;15;9;5;0;0;4;2;6;1;3;15;82;10;29;10;3;0;0
EIBAR;MALLORCA;1-2;0-1;5.7;5.5;6.4;65;35;4;2;13;7;4;32;77;36;13;16;6;0;0;4;4;10;2;3;16;61;26;31;8;3;0;0
ATLETICO MADRID;SEVILLA FC;2-2;2-2;7.4;6;6.1;45;55;10;3;21;8;8;18;76;21;9;14;2;0;0;4;4;12;4;4;18;81;20;30;16;4;0;0
BARCELONA;REAL SOCIEDAD;1-0;0-0;3.7;7.2;5.2;54;46;6;6;13;1;4;12;83;17;17;12;4;0;0;6;1;9;2;4;20;81;14;11;10;3;0;0
GETAFE;CELTA;0-0;0-0;3.1;6.3;5.8;56;44;9;6;19;4;9;27;72;31;13;18;5;1;0;1;2;3;0;1;21;69;20;36;14;5;0;0
OSASUNA;ESPANYOL;1-0;0-0;3.6;6.1;4.9;51;49;9;6;17;2;7;29;62;39;23;17;3;0;0;4;2;8;2;3;26;58;30;22;12;2;1;0
VALLADOLID;ATHLETIC;1-4;0-2;6.5;4.7;8;57;43;12;2;19;5;8;32;79;21;5;9;1;0;0;4;5;10;1;1;20;72;23;34;13;2;0;0
LEVANTE;GRANADA;1-1;1-0;4.3;5.6;6.4;55;45;5;3;11;3;6;23;75;18;15;21;3;0;0;1;7;10;2;4;27;69;12;22;13;3;0;0
VILLARREAL;LEGAN心;1-2;1-0;6.3;4.9;7.2;64;36;9;5;15;1;2;21;87;13;20;10;4;0;0;4;7;12;1;5;20;79;18;34;11;3;0;0
REAL BETIS;REAL MADRID;2-1;1-1;6;6.6;5.9;43;57;6;3;14;5;6;23;76;8;20;8;1;0;0;8;4;14;2;2;26;83;16;13;11;1;0;0
SEVILLA FC;REAL BETIS;2-0;0-0;4.5;7.6;5.3;46;54;5;5;13;3;11;18;79;28;13;13;0;0;0;5;1;12;6;2;18;85;11;21;16;2;0;0
GRANADA;GETAFE;2-1;0-1;4.8;6.1;5.1;53;47;4;4;10;2;2;26;66;30;28;17;6;0;0;2;2;6;2;3;37;56;41;13;16;4;0;0
VALENCIA;LEVANTE;1-1;0-0;5.8;6.1;6;50;50;7;3;12;2;0;19;84;13;17;11;1;0;0;2;4;14;8;6;16;84;7;15;13;3;1;0
ESPANYOL;ALAV心;2-0;1-0;4.2;6.9;4.6;70;30;6;9;19;4;2;18;82;26;5;16;4;0;0;1;0;1;0;1;26;65;23;16;19;3;0;1
CELTA;VILLARREAL;0-1;0-0;3.7;5.7;6.6;41;59;2;0;4;2;2;23;77;13;19;5;1;0;0;6;4;15;5;8;25;85;16;14;20;1;0;0
LEGAN心;VALLADOLID;1-2;0-1;4.7;5.5;5.8;69;31;6;2;11;3;2;28;78;26;6;21;2;0;0;3;2;6;1;1;24;51;19;28;20;4;0;0
MALLORCA;BARCELONA;0-4;0-2;6.2;5;8.4;35;65;7;3;13;3;9;19;83;9;7;17;1;0;0;3;7;12;2;3;12;89;21;19;5;2;0;0
ATHLETIC;ATLETICO MADRID;1-1;1-1;4.2;6.1;6.3;55;45;4;3;10;3;5;25;80;31;18;10;3;0;0;3;2;9;4;7;24;75;25;17;9;0;0;0
REAL MADRID;EIBAR;3-1;3-0;5.8;6.8;5.8;56;44;1;5;6;0;3;21;84;13;17;11;1;0;0;3;5;9;1;3;37;80;12;13;12;1;0;0
REAL SOCIEDAD;OSASUNA;1-1;0-1;4.1;6.5;6.4;65;35;4;4;9;1;1;22;83;25;21;5;1;0;0;4;1;8;3;6;18;73;26;13;13;3;0;0
LEVANTE;SEVILLA FC;1-1;0-0;5;6.5;6.4;42;58;4;4;11;3;5;12;82;10;15;12;1;0;0;3;4;10;3;6;20;88;9;22;10;1;0;0
REAL BETIS;GRANADA;2-2;0-1;8.2;6.3;5.4;80;20;7;6;18;5;11;21;88;22;3;13;2;0;0;0;5;8;3;2;10;58;9;22;18;4;0;0
GETAFE;ESPANYOL;0-0;0-0;2.8;5.8;5.7;69;31;12;4;21;5;5;38;76;30;17;15;3;0;0;2;3;5;0;5;20;51;43;29;9;2;0;1
VILLARREAL;MALLORCA;1-0;1-0;4.3;6.2;5.8;52;48;3;4;10;3;2;14;82;19;23;16;3;0;0;8;5;15;2;6;19;81;22;14;10;4;0;0
BARCELONA;LEGAN心;2-0;1-0;4.3;7.1;5.4;75;25;5;5;10;0;3;16;92;8;6;16;5;0;0;2;2;6;2;2;15;75;10;7;16;3;0;0
VALLADOLID;CELTA;0-0;0-0;2.7;5.5;6.4;40;60;4;1;6;1;5;28;74;24;21;18;3;0;0;3;4;11;4;8;15;82;20;12;15;3;0;0
EIBAR;ATHLETIC;2-2;1-1;6.8;5.8;5.7;47;53;2;6;12;4;8;34;57;36;13;10;3;0;0;0;3;6;3;3;33;62;41;27;11;2;0;0
OSASUNA;ATLETICO MADRID;0-5;0-1;5.8;4;8.7;48;52;6;3;13;4;3;27;67;37;21;12;3;0;0;2;6;10;2;2;38;72;35;13;8;3;0;0
ALAV心;REAL SOCIEDAD;2-0;0-0;5.3;6.8;4.8;35;65;5;7;15;3;5;19;65;28;12;21;2;1;0;5;1;9;3;6;25;80;14;8;11;3;1;0
REAL MADRID;VALENCIA;3-0;0-0;6.9;8.3;4.7;63;37;2;14;19;3;8;8;92;8;7;12;0;0;0;1;2;4;1;2;18;82;6;22;11;2;0;1
GRANADA;VILLARREAL;0-1;0-1;3.5;5.7;6.3;51;49;8;4;14;2;5;35;76;19;5;17;0;0;0;2;1;5;2;0;27;79;21;35;15;3;0;0
MALLORCA;LEGAN心;1-1;1-0;4.9;6.3;5.9;38;62;3;3;7;1;3;23;65;27;33;15;3;0;0;3;4;16;9;7;18;78;27;7;11;6;0;0
SEVILLA FC;BARCELONA;0-0;0-0;2.9;6.3;6.5;36;64;3;4;8;1;2;17;79;11;23;17;3;0;0;2;4;10;4;9;17;88;16;13;8;2;0;0
ESPANYOL;LEVANTE;1-3;1-1;7;4.8;7.3;46;54;4;3;10;3;8;23;77;21;16;11;2;0;0;4;8;14;2;5;19;80;20;29;10;0;0;0
ATHLETIC;REAL BETIS;1-0;1-0;4.3;6.2;5.6;43;57;7;3;12;2;11;12;76;17;17;16;4;0;0;1;5;9;3;5;27;82;16;12;11;0;0;0
GETAFE;EIBAR;1-1;1-1;3.3;5.5;6;55;45;6;2;9;1;2;47;52;38;29;18;3;0;0;5;2;8;1;1;38;50;44;27;15;0;0;0
ATLETICO MADRID;VALLADOLID;1-0;0-0;3.5;6.7;5.9;62;38;8;4;15;3;10;21;85;25;12;14;4;0;0;4;2;6;0;1;16;75;13;20;12;2;0;0
CELTA;ALAV心;6-0;4-0;6.5;9.3;3.4;73;27;2;10;15;3;7;18;90;16;13;14;1;0;0;2;2;4;0;4;14;74;11;18;10;1;0;1
VALENCIA;OSASUNA;2-0;2-0;3.8;6.7;5.7;55;45;0;3;7;4;1;18;84;14;26;7;1;0;0;8;3;13;2;7;19;80;20;5;19;2;0;0
REAL SOCIEDAD;REAL MADRID;1-2;0-0;5.7;5.3;6.9;51;49;5;2;10;3;4;19;85;10;15;16;4;0;0;4;6;10;0;1;20;84;8;15;15;2;0;0
VILLARREAL;SEVILLA FC;2-2;2-1;7.1;5.9;6.6;41;59;2;5;7;0;3;25;79;14;20;16;3;0;0;3;7;14;4;8;24;83;18;12;12;3;0;0
LEGAN心;GRANADA;0-0;0-0;2.4;6.1;5.4;59;41;7;3;10;0;4;40;77;22;9;12;4;0;0;2;1;4;1;2;18;68;26;29;17;4;0;0
LEVANTE;ATLETICO MADRID;0-1;0-1;3.7;5.2;7.4;57;43;5;1;12;7;10;23;85;19;15;12;4;0;0;3;7;12;2;4;20;80;19;25;14;2;0;0
VALLADOLID;GETAFE;1-1;1-1;3.9;5.5;5.8;46;54;2;2;6;2;7;27;56;38;15;12;5;0;0;8;1;15;6;8;20;63;43;21;19;2;0;0
BARCELONA;ATHLETIC;1-0;0-0;3.2;6.6;6;73;27;8;4;18;6;6;25;87;22;13;10;2;0;0;4;0;6;2;2;12;68;18;20;16;1;0;0
REAL SOCIEDAD;CELTA;0-1;0-1;3.2;6.1;6.7;59;41;6;6;13;1;7;34;81;26;8;18;4;0;0;3;1;4;0;3;21;74;19;21;15;2;0;0
ALAV心;OSASUNA;0-1;0-0;2.2;5.6;6.4;53;47;3;0;5;2;7;42;61;45;18;12;2;0;0;4;1;7;2;3;23;58;27;25;14;3;0;0
REAL MADRID;MALLORCA;2-0;1-0;5;6.7;5.7;55;45;5;6;14;3;5;16;88;8;9;18;4;0;0;5;4;11;2;4;12;86;11;8;12;2;0;0
EIBAR;VALENCIA;1-0;1-0;3.4;6.1;5.2;34;66;4;5;14;5;10;19;63;27;21;12;4;0;0;5;0;7;2;8;33;77;31;25;7;1;1;0
REAL BETIS;ESPANYOL;1-0;0-0;3.6;6.7;5.6;65;35;3;6;12;3;6;23;84;29;22;18;4;0;0;3;3;9;3;5;28;68;11;22;18;4;0;0
SEVILLA FC;VALLADOLID;1-1;0-1;4.8;6;5.9;75;25;7;3;15;5;5;23;87;19;8;16;3;0;0;3;5;11;3;1;18;65;19;29;17;2;0;0
ATHLETIC;MALLORCA;3-1;2-0;6.2;6.9;5;47;53;4;6;12;2;1;15;80;22;19;17;1;0;0;7;2;14;5;8;15;81;18;6;16;2;0;0
CELTA;BARCELONA;2-2;0-1;8.4;7;5.9;32;68;1;6;10;3;3;10;77;10;27;19;3;0;0;8;2;18;8;8;17;88;7;9;10;4;0;0
OSASUNA;LEGAN心;2-1;1-0;6.1;6.5;6;52;48;1;5;6;0;2;23;71;23;19;12;1;0;0;9;7;21;5;4;37;73;27;16;15;1;0;0
ATLETICO MADRID;ALAV心;2-1;0-0;5.4;6.4;5.3;70;30;6;4;14;4;3;21;88;28;7;13;3;0;0;3;2;6;1;1;18;65;17;19;14;2;0;0
LEVANTE;REAL BETIS;4-2;2-0;8.2;6.8;5.7;36;64;3;4;9;2;2;7;77;15;12;13;0;0;0;3;8;17;6;5;27;88;5;6;14;4;0;0
VILLARREAL;VALENCIA;2-0;2-0;4.1;6.8;5.5;57;43;12;4;17;1;1;19;90;7;19;9;0;0;0;2;0;4;2;4;12;86;10;5;18;2;0;0
GRANADA;EIBAR;1-2;0-1;5.7;5.4;6.6;58;42;6;5;14;3;8;37;67;37;19;8;1;0;0;5;6;13;2;5;34;62;18;19;13;0;0;0
ESPANYOL;REAL MADRID;0-1;0-1;3.8;5.9;6.5;31;69;2;5;8;1;0;16;76;17;20;19;1;0;0;5;6;14;3;5;19;88;13;3;13;1;0;0
GETAFE;REAL SOCIEDAD;2-1;1-0;5;6;5.2;41;59;5;4;11;2;5;28;54;23;26;22;6;0;0;3;1;5;1;4;42;69;46;11;11;3;0;0
MALLORCA;CELTA;5-1;3-0;6.8;7.3;5.3;40;60;1;7;9;1;2;14;81;10;16;16;3;0;0;2;8;12;2;11;16;86;17;6;12;2;0;0
LEGAN心;SEVILLA FC;0-3;0-2;5.3;4.7;7.9;42;58;5;3;9;1;4;16;80;18;13;23;4;0;0;4;6;11;1;2;22;87;17;15;10;3;0;0
BARCELONA;ATLETICO MADRID;2-2;1-1;7.1;6.2;6;73;27;5;5;12;2;3;13;92;13;12;11;3;0;0;3;3;10;4;1;16;77;14;12;15;5;0;0
VALENCIA;ATHLETIC;0-2;0-1;4.2;5.4;7.2;52;48;9;1;10;0;3;15;83;16;19;9;1;0;0;5;4;12;3;5;22;79;17;20;12;0;0;0
ALAV心;GRANADA;0-2;0-1;4.2;5.5;6.7;55;45;2;4;11;5;6;32;74;33;15;18;3;0;0;1;4;7;2;2;26;63;20;24;17;2;0;0
REAL BETIS;VILLARREAL;0-2;0-2;4.7;4.5;7.6;46;54;6;1;9;2;1;19;83;12;11;10;3;1;0;7;6;15;2;5;19;89;7;11;16;1;0;0
VALLADOLID;LEVANTE;0-0;0-0;3.1;5.8;6.1;47;53;9;4;15;2;8;30;82;14;20;10;2;0;0;4;3;8;1;3;19;84;10;20;12;1;0;0
EIBAR;OSASUNA;0-2;0-1;4.1;5.1;6.9;55;45;4;4;11;3;9;39;67;43;13;8;1;0;0;3;6;9;0;4;29;56;52;22;12;1;0;0
REAL SOCIEDAD;ESPANYOL;2-1;0-1;5.5;7;5.9;63;37;5;4;12;3;4;28;83;24;9;11;2;0;0;1;3;4;0;3;14;74;22;17;15;1;0;0
REAL MADRID;GETAFE;1-0;0-0;3.2;6.4;5.3;68;32;2;4;8;2;6;32;85;10;20;15;5;0;0;5;3;10;2;5;31;61;14;18;22;5;0;0
ATLETICO MADRID;MALLORCA;3-0;2-0;5.2;7.8;5.1;48;52;7;3;15;5;4;15;85;11;14;14;2;0;0;6;1;13;6;5;21;82;15;11;11;1;0;0
CELTA;REAL BETIS;1-1;1-0;3.7;5.8;6.3;44;56;4;1;5;1;2;19;71;14;20;20;5;0;0;6;3;10;1;8;22;81;22;9;18;4;0;0
VALLADOLID;ALAV心;1-0;0-0;2.8;6.3;5.6;53;47;1;3;5;1;1;21;74;29;13;13;3;0;0;5;0;7;2;3;30;70;30;12;17;2;0;0
GRANADA;VALENCIA;2-2;0-0;7.2;6.2;5.9;54;46;11;4;17;2;7;23;75;30;14;18;2;0;0;1;3;4;0;3;31;70;22;20;14;2;0;0
ATHLETIC;REAL MADRID;0-1;0-0;3.2;5.3;7.1;44;56;4;1;7;2;3;20;81;17;12;13;4;0;0;6;4;10;1;2;21;85;8;11;8;3;0;0
ESPANYOL;LEGAN心;0-1;0-0;2.7;5.6;6.4;63;37;4;2;7;1;0;20;81;20;14;15;3;1;0;1;2;4;1;3;19;65;18;13;22;3;0;0
OSASUNA;GETAFE;0-0;0-0;1.6;5.7;5.8;48;52;2;2;6;2;2;18;56;34;19;18;5;0;0;2;1;6;3;2;37;59;35;6;21;4;0;0
VILLARREAL;BARCELONA;1-4;1-3;7.4;4.8;8.5;32;68;5;4;9;1;2;12;81;6;17;11;1;0;0;4;12;18;2;6;10;93;12;4;11;0;0;0
LEVANTE;REAL SOCIEDAD;1-1;1-1;4.2;6.3;6.3;46;54;3;4;9;2;4;16;80;14;12;17;3;0;0;4;3;8;1;2;27;82;12;12;12;2;0;0
SEVILLA FC;EIBAR;1-0;0-0;3.6;6.4;5.8;63;37;4;3;8;1;11;22;84;34;29;11;2;0;0;10;3;19;6;8;22;68;22;22;16;1;0;0
VALENCIA;VALLADOLID;2-1;1-0;5.9;6.4;6.3;59;41;3;4;10;3;5;17;87;14;9;9;3;0;0;4;5;11;2;2;18;81;4;12;5;0;0;0
CELTA;ATLETICO MADRID;1-1;0-1;4.3;6.4;6.2;51;49;3;4;9;2;6;22;83;14;14;14;4;0;0;6;2;10;2;2;24;81;17;14;13;3;0;0
GETAFE;VILLARREAL;1-3;0-0;6.1;4.2;7.2;41;59;1;2;5;2;1;36;64;14;8;19;4;0;1;2;3;6;1;3;29;74;26;15;10;1;0;1
REAL BETIS;OSASUNA;3-0;2-0;5.5;7.5;4.7;57;43;5;8;14;1;5;29;75;21;19;9;1;0;0;2;2;8;4;8;31;64;22;19;17;5;0;0
BARCELONA;ESPANYOL;1-0;0-0;3.8;6.7;5.6;74;26;4;2;9;3;6;19;90;13;14;8;0;0;1;5;2;11;4;5;12;72;15;19;12;3;0;1
EIBAR;LEGAN心;0-0;0-0;1.6;5.6;5.8;58;42;1;1;4;2;8;33;62;42;21;21;3;0;0;6;1;10;3;1;28;52;46;15;13;3;0;0
MALLORCA;LEVANTE;2-0;1-0;4.5;6.7;5.6;46;54;9;5;15;1;1;15;79;16;15;11;3;0;0;5;2;14;7;5;19;80;11;4;20;1;0;0
ATHLETIC;SEVILLA FC;1-2;1-0;6.1;5.2;7;33;67;6;4;13;3;4;22;69;21;16;18;3;0;0;7;7;20;6;7;31;83;26;13;9;2;0;0
REAL SOCIEDAD;GRANADA;2-3;0-2;8.4;5.9;6.2;68;32;8;5;19;6;8;17;84;36;19;12;2;0;0;0;3;4;1;3;26;57;20;26;13;3;0;0
REAL MADRID;ALAV心;2-0;1-0;5.1;7.1;5.2;71;29;5;8;18;5;3;22;91;6;11;5;0;0;0;4;4;10;2;2;24;74;16;18;17;1;0;0
OSASUNA;CELTA;2-1;1-1;5.8;6.3;5.7;53;47;7;5;15;3;3;27;72;30;10;10;2;0;0;7;3;12;2;4;26;71;25;41;11;2;0;0
VALLADOLID;BARCELONA;0-1;0-1;3.9;5.6;7.1;35;65;6;4;13;3;4;13;82;5;12;15;2;0;0;1;6;9;2;5;14;88;15;21;13;2;0;0
ATLETICO MADRID;REAL BETIS;1-0;0-0;3.8;6.6;5.8;38;62;3;4;9;2;2;22;77;17;16;10;1;0;1;12;3;21;6;4;18;86;16;7;10;3;0;0
ESPANYOL;EIBAR;0-2;0-2;4.9;4.4;6.4;72;28;7;3;14;4;7;32;82;37;13;13;2;0;0;4;6;11;1;2;19;58;22;31;14;2;0;0
LEVANTE;ATHLETIC;1-2;0-2;4.9;5.6;6.8;56;44;2;1;5;2;2;23;81;10;16;10;0;0;0;6;5;12;1;6;22;75;19;7;15;1;0;0
LEGAN心;VALENCIA;1-0;1-0;4.2;5.7;5.6;32;68;7;1;10;2;2;17;68;12;22;21;4;0;1;9;5;16;2;8;29;86;9;10;9;1;0;0
SEVILLA FC;MALLORCA;2-0;1-0;4.9;7;5.7;64;36;4;5;14;5;6;15;86;15;12;14;3;0;0;4;5;14;5;5;20;78;18;10;7;2;0;0
VILLARREAL;REAL SOCIEDAD;1-2;0-0;5.9;5.3;7.1;52;48;4;3;9;2;2;19;84;11;17;12;2;0;0;2;6;11;3;10;18;82;18;17;11;2;0;0
ALAV心;GETAFE;0-0;0-0;2.3;5.2;6.6;46;54;1;1;3;1;2;35;58;36;22;26;4;0;0;7;4;14;3;4;37;58;24;16;15;2;0;0
GRANADA;REAL MADRID;1-2;0-2;5.7;5.8;6.7;38;62;7;4;13;2;4;13;79;10;9;18;2;0;0;3;5;11;3;3;15;89;11;12;18;2;0;0
EIBAR;VALLADOLID;3-1;2-0;7.8;6.2;5;50;50;5;7;13;1;3;24;70;40;23;19;4;0;0;5;8;17;4;12;23;68;25;9;13;0;0;0
CELTA;LEVANTE;2-3;2-2;8.1;5.6;6.6;57;43;7;6;16;3;8;30;80;14;10;11;2;1;0;3;4;8;1;4;25;74;11;17;15;0;0;1
REAL MADRID;VILLARREAL;2-1;1-0;6.3;6.8;5.7;57;43;4;7;12;1;4;19;89;12;9;13;3;0;0;3;4;8;1;2;14;85;7;11;13;2;0;0
BARCELONA;OSASUNA;1-2;0-1;6.8;5.4;6.8;80;20;12;2;18;4;10;20;90;16;6;7;4;0;0;4;5;9;0;2;14;60;13;29;14;1;0;1
VALENCIA;ESPANYOL;1-0;1-0;4.5;5.9;5.9;48;52;2;3;9;4;4;15;85;11;20;9;2;0;1;10;6;18;2;4;15;86;15;10;18;4;0;0
MALLORCA;GRANADA;1-2;1-1;6.9;4.6;6.2;53;47;7;5;18;6;5;21;80;21;17;14;6;1;1;4;6;14;4;6;16;75;26;28;18;5;0;0
ATHLETIC;LEGAN心;0-2;0-0;4.9;5.3;6.7;61;39;5;3;10;2;3;32;85;20;13;11;2;0;1;6;4;16;6;3;14;77;17;21;11;3;0;0
GETAFE;ATLETICO MADRID;0-2;0-0;4.4;5.4;6.5;36;64;7;6;15;2;4;25;62;26;10;14;1;0;1;5;3;11;3;3;23;77;26;13;11;2;0;0
REAL SOCIEDAD;SEVILLA FC;0-0;0-0;2.7;6.4;6.4;38;62;3;4;11;4;3;20;75;26;12;16;1;0;0;3;3;8;2;2;18;84;27;22;13;2;0;0
REAL BETIS;ALAV心;1-2;0-0;6.8;5.3;6.1;73;27;4;7;14;3;6;17;88;21;11;14;5;1;0;3;5;9;1;5;16;69;20;24;18;4;0;1
ALAV心;BARCELONA;0-5;0-3;6;4.2;8.9;32;68;4;0;8;4;2;13;81;5;6;17;0;0;0;8;8;16;0;1;11;91;10;5;15;0;0;0
VALLADOLID;REAL BETIS;2-0;1-0;4.5;6.7;5.8;29;71;6;4;13;3;3;10;77;9;16;17;2;0;0;4;3;10;3;5;21;91;9;13;10;2;0;0
VILLARREAL;EIBAR;4-0;0-0;6.1;8.1;5.3;69;31;4;5;12;3;4;23;90;9;13;4;0;0;0;7;3;11;1;4;19;73;16;11;9;0;0;0
ATLETICO MADRID;REAL SOCIEDAD;1-1;1-0;4.7;5.6;6.5;43;57;3;3;6;0;2;26;78;22;21;16;1;0;0;5;3;10;2;3;20;84;22;11;9;2;0;0
LEVANTE;GETAFE;1-0;0-0;4.3;6.1;5.3;56;44;7;5;14;2;6;11;73;21;28;10;2;0;0;5;4;13;4;8;34;63;20;15;11;4;0;0
OSASUNA;MALLORCA;2-2;1-1;6.9;6.4;6.5;44;56;6;5;12;1;3;15;80;14;19;17;2;0;0;7;4;12;1;5;26;84;21;12;10;0;0;0
SEVILLA FC;VALENCIA;1-0;0-0;3.7;6.8;5.7;62;38;10;4;16;2;4;16;87;20;11;11;0;0;0;4;2;8;2;7;19;79;17;14;6;1;0;0
ESPANYOL;CELTA;0-0;0-0;2;6;6.7;50;50;7;1;8;0;1;24;76;16;15;11;2;0;0;5;3;9;1;4;20;79;15;13;11;3;0;0
GRANADA;ATHLETIC;4-0;1-0;5.5;7.7;4.6;36;64;3;6;11;2;2;25;69;24;24;9;1;0;0;6;3;10;1;3;22;82;21;7;11;2;0;0
LEGAN心;REAL MADRID;2-2;1-1;7.5;6.4;6.5;35;65;4;7;15;4;5;21;76;6;8;9;4;0;0;3;4;7;0;2;23;88;12;26;11;1;0;0
